ref_alias	ref	biosample_id	bioproject_id	patient_id	geosample_id	geoseries_id	project_accession	srx_id	accession	group	matched	layout	sex	age	ethnicity	tissue	collection_method	patient_hist	avg_spot_len	num_spots	avg_spot_len*num_spots	num_bases_unit	num_bases	file_size_unit	file_size	year_published	group	reference	description_of_research	publication_link	platform_ID	platform_name	protocol_lab	bcr_reported	adaptor_seq_reported	protocol_data	genboree_analysis	genboree_sample	genboree_alias	library_strategy	library_selection	library_source
348	535	SAMN00855407	PRJNA34535	STL001	GSM983645	GSE16256	SRP000941	SRX175348	SRR536234	Normal	no	se	male	3	Caucasian and African American	colon_sigmoid	autopsy	"healthy, no prior medical history (NO diabetes, hypertension, coronary artery disease, cancer)"	101	133892899	13523182799	13.5G	13500000000	9.8Gb	9800000000	2013	NIH Epigenomics Roadmap Initiative	UCSD Human Reference Epigenome Mapping Project		NA	GPL9115	Illumina Genome Analyzer II	"Five µg of genomic DNA was extracted from frozen cell pellets using the DNeasy Mini Kit (Qiagen, Valencia, CA) and spiked with 25 ng unmethylated cl857 Sam7 Lambda DNA (Promega, Madison, WI). The DNA was fragmented with a Covaris S2 (Covaris, Woburn, MA) to 100-150 bp, followed by end repair and addition of a 3? A base. Cytosine-methylated adapters provided by Illumina (Illumina, San Diego, CA) were ligated to the sonicated DNA at 16?C for 16 hours with T4 DNA ligase (New England Biolabs). Adapter-ligated DNA was isolated by two rounds of purification with AMPure XP beads (Beckman Coulter Genomics, Danvers, MA). Adapter-ligated DNA (?450 ng) was subjected to sodium bisulfite conversion using the MethylCode kit (Life Technologies, Carlsbad, CA) as per manufacturer?s instructions. The bisulfite-converted, adapter-ligated DNA molecules were enriched by 4 cycles of PCR with the following reaction composition: 2.5 U of uracil-insensitive PfuTurboCx Hotstart DNA polymerase (Stratagene), 5 µl 10X PfuTurbo reaction buffer, 31 µM dNTPs, 1 µl Primer 1, 1 µl Primer 2 (50 µl final). The thermocycling parameters were: 95?C 2 min, 98?C 30 sec, then 4-8 cycles of 98?C 15 sec, 60?C 30 sec and 72?C 4 min, ending with one 72?C 10 min step. The reaction products were purified using AMPure XP beads (two rounds). Up to three separate PCR reactions were performed on subsets of the adapter-ligated, bisulfite-converted DNA, yielding up to two independent libraries from the same biological sample."	 99.5% of cytosines converted based on shotgun sequencing of unmethylated lambda phage control spiked into original genomic DNA sample	" A: 5' P-GATCGGAAGAGCTCGTATGCCGTCTTCTGCTTG, B: 5' ACACTCTTTCCCTACACGACGCTCTTCCGATCT"	"Illumina Bisulfite-Seq read mappings from Sigmoid Colon, Donor STL001 were processed into graphs of methylation proportions. Methylation proportions were calculated as (methylated calls / (methylated calls + unmethylated calls)) for all CpGs covered by at least 4 reads. Reads from the + and - strands were combined for methylation proportion calculations. If multiple reads map to the same start position on the + strand or stop position on the - strand, only a single read is retained."	https://genboree.org/java-bin/project.jsp?projectName=XML%20Submissions%2FUCSD%2FEXPERIMENT%2FEDACC.13681	http://genboree.org/java-bin/project.jsp?projectName=XML%20Submissions%2FUCSD%2FSAMPLE%2FEDACC.12265	methylC-seq_STL001SG-01a	Bisulfite-Seq	RANDOM	GENOMIC
348	535	SAMN00855407	PRJNA34535	STL001	GSM983645	GSE16256	SRP000941	SRX175348	SRR536235	Normal	no	se	male	3	Caucasian and African American	colon_sigmoid	autopsy	"healthy, no prior medical history (NO diabetes, hypertension, coronary artery disease, cancer)"	101	176433159	17819749059	17.8G	17800000000	12.3Gb	12300000000	2013	NIH Epigenomics Roadmap Initiative	UCSD Human Reference Epigenome Mapping Project		NA	GPL9115	Illumina Genome Analyzer II	"Five µg of genomic DNA was extracted from frozen cell pellets using the DNeasy Mini Kit (Qiagen, Valencia, CA) and spiked with 25 ng unmethylated cl857 Sam7 Lambda DNA (Promega, Madison, WI). The DNA was fragmented with a Covaris S2 (Covaris, Woburn, MA) to 100-150 bp, followed by end repair and addition of a 3? A base. Cytosine-methylated adapters provided by Illumina (Illumina, San Diego, CA) were ligated to the sonicated DNA at 16?C for 16 hours with T4 DNA ligase (New England Biolabs). Adapter-ligated DNA was isolated by two rounds of purification with AMPure XP beads (Beckman Coulter Genomics, Danvers, MA). Adapter-ligated DNA (?450 ng) was subjected to sodium bisulfite conversion using the MethylCode kit (Life Technologies, Carlsbad, CA) as per manufacturer?s instructions. The bisulfite-converted, adapter-ligated DNA molecules were enriched by 4 cycles of PCR with the following reaction composition: 2.5 U of uracil-insensitive PfuTurboCx Hotstart DNA polymerase (Stratagene), 5 µl 10X PfuTurbo reaction buffer, 31 µM dNTPs, 1 µl Primer 1, 1 µl Primer 2 (50 µl final). The thermocycling parameters were: 95?C 2 min, 98?C 30 sec, then 4-8 cycles of 98?C 15 sec, 60?C 30 sec and 72?C 4 min, ending with one 72?C 10 min step. The reaction products were purified using AMPure XP beads (two rounds). Up to three separate PCR reactions were performed on subsets of the adapter-ligated, bisulfite-converted DNA, yielding up to two independent libraries from the same biological sample."	 99.5% of cytosines converted based on shotgun sequencing of unmethylated lambda phage control spiked into original genomic DNA sample	" A: 5' P-GATCGGAAGAGCTCGTATGCCGTCTTCTGCTTG, B: 5' ACACTCTTTCCCTACACGACGCTCTTCCGATCT"	"Illumina Bisulfite-Seq read mappings from Sigmoid Colon, Donor STL001 were processed into graphs of methylation proportions. Methylation proportions were calculated as (methylated calls / (methylated calls + unmethylated calls)) for all CpGs covered by at least 4 reads. Reads from the + and - strands were combined for methylation proportion calculations. If multiple reads map to the same start position on the + strand or stop position on the - strand, only a single read is retained."	https://genboree.org/java-bin/project.jsp?projectName=XML%20Submissions%2FUCSD%2FEXPERIMENT%2FEDACC.13681	http://genboree.org/java-bin/project.jsp?projectName=XML%20Submissions%2FUCSD%2FSAMPLE%2FEDACC.12265	methylC-seq_STL001SG-01a	Bisulfite-Seq	RANDOM	GENOMIC
348	535	SAMN00855407	PRJNA34535	STL001	GSM983645	GSE16256	SRP000941	SRX175348	SRR536236	Normal	no	se	male	3	Caucasian and African American	colon_sigmoid	autopsy	"healthy, no prior medical history (NO diabetes, hypertension, coronary artery disease, cancer)"	101	614507990	62065306990	62.1G	62100000000	42.9Gb	42900000000	2013	NIH Epigenomics Roadmap Initiative	UCSD Human Reference Epigenome Mapping Project		NA	GPL9115	Illumina Genome Analyzer II	"Five µg of genomic DNA was extracted from frozen cell pellets using the DNeasy Mini Kit (Qiagen, Valencia, CA) and spiked with 25 ng unmethylated cl857 Sam7 Lambda DNA (Promega, Madison, WI). The DNA was fragmented with a Covaris S2 (Covaris, Woburn, MA) to 100-150 bp, followed by end repair and addition of a 3? A base. Cytosine-methylated adapters provided by Illumina (Illumina, San Diego, CA) were ligated to the sonicated DNA at 16?C for 16 hours with T4 DNA ligase (New England Biolabs). Adapter-ligated DNA was isolated by two rounds of purification with AMPure XP beads (Beckman Coulter Genomics, Danvers, MA). Adapter-ligated DNA (?450 ng) was subjected to sodium bisulfite conversion using the MethylCode kit (Life Technologies, Carlsbad, CA) as per manufacturer?s instructions. The bisulfite-converted, adapter-ligated DNA molecules were enriched by 4 cycles of PCR with the following reaction composition: 2.5 U of uracil-insensitive PfuTurboCx Hotstart DNA polymerase (Stratagene), 5 µl 10X PfuTurbo reaction buffer, 31 µM dNTPs, 1 µl Primer 1, 1 µl Primer 2 (50 µl final). The thermocycling parameters were: 95?C 2 min, 98?C 30 sec, then 4-8 cycles of 98?C 15 sec, 60?C 30 sec and 72?C 4 min, ending with one 72?C 10 min step. The reaction products were purified using AMPure XP beads (two rounds). Up to three separate PCR reactions were performed on subsets of the adapter-ligated, bisulfite-converted DNA, yielding up to two independent libraries from the same biological sample."	 99.5% of cytosines converted based on shotgun sequencing of unmethylated lambda phage control spiked into original genomic DNA sample	" A: 5' P-GATCGGAAGAGCTCGTATGCCGTCTTCTGCTTG, B: 5' ACACTCTTTCCCTACACGACGCTCTTCCGATCT"	"Illumina Bisulfite-Seq read mappings from Sigmoid Colon, Donor STL001 were processed into graphs of methylation proportions. Methylation proportions were calculated as (methylated calls / (methylated calls + unmethylated calls)) for all CpGs covered by at least 4 reads. Reads from the + and - strands were combined for methylation proportion calculations. If multiple reads map to the same start position on the + strand or stop position on the - strand, only a single read is retained."	https://genboree.org/java-bin/project.jsp?projectName=XML%20Submissions%2FUCSD%2FEXPERIMENT%2FEDACC.13681	http://genboree.org/java-bin/project.jsp?projectName=XML%20Submissions%2FUCSD%2FSAMPLE%2FEDACC.12265	methylC-seq_STL001SG-01a	Bisulfite-Seq	RANDOM	GENOMIC
348	535	SAMN00855407	PRJNA34535	STL001	GSM983645	GSE16256	SRP000941	SRX175348	SRR641629	Normal	no	se	male	3	Caucasian and African American	colon_sigmoid	autopsy	"healthy, no prior medical history (NO diabetes, hypertension, coronary artery disease, cancer)"	100	218669738	21866973800	21.9G	21900000000	15Gb	15000000000	2013	NIH Epigenomics Roadmap Initiative	UCSD Human Reference Epigenome Mapping Project		NA	GPL9115	Illumina Genome Analyzer II	"Five µg of genomic DNA was extracted from frozen cell pellets using the DNeasy Mini Kit (Qiagen, Valencia, CA) and spiked with 25 ng unmethylated cl857 Sam7 Lambda DNA (Promega, Madison, WI). The DNA was fragmented with a Covaris S2 (Covaris, Woburn, MA) to 100-150 bp, followed by end repair and addition of a 3? A base. Cytosine-methylated adapters provided by Illumina (Illumina, San Diego, CA) were ligated to the sonicated DNA at 16?C for 16 hours with T4 DNA ligase (New England Biolabs). Adapter-ligated DNA was isolated by two rounds of purification with AMPure XP beads (Beckman Coulter Genomics, Danvers, MA). Adapter-ligated DNA (?450 ng) was subjected to sodium bisulfite conversion using the MethylCode kit (Life Technologies, Carlsbad, CA) as per manufacturer?s instructions. The bisulfite-converted, adapter-ligated DNA molecules were enriched by 4 cycles of PCR with the following reaction composition: 2.5 U of uracil-insensitive PfuTurboCx Hotstart DNA polymerase (Stratagene), 5 µl 10X PfuTurbo reaction buffer, 31 µM dNTPs, 1 µl Primer 1, 1 µl Primer 2 (50 µl final). The thermocycling parameters were: 95?C 2 min, 98?C 30 sec, then 4-8 cycles of 98?C 15 sec, 60?C 30 sec and 72?C 4 min, ending with one 72?C 10 min step. The reaction products were purified using AMPure XP beads (two rounds). Up to three separate PCR reactions were performed on subsets of the adapter-ligated, bisulfite-converted DNA, yielding up to two independent libraries from the same biological sample."	 99.5% of cytosines converted based on shotgun sequencing of unmethylated lambda phage control spiked into original genomic DNA sample	" A: 5' P-GATCGGAAGAGCTCGTATGCCGTCTTCTGCTTG, B: 5' ACACTCTTTCCCTACACGACGCTCTTCCGATCT"	"Illumina Bisulfite-Seq read mappings from Sigmoid Colon, Donor STL001 were processed into graphs of methylation proportions. Methylation proportions were calculated as (methylated calls / (methylated calls + unmethylated calls)) for all CpGs covered by at least 4 reads. Reads from the + and - strands were combined for methylation proportion calculations. If multiple reads map to the same start position on the + strand or stop position on the - strand, only a single read is retained."	https://genboree.org/java-bin/project.jsp?projectName=XML%20Submissions%2FUCSD%2FEXPERIMENT%2FEDACC.13681	http://genboree.org/java-bin/project.jsp?projectName=XML%20Submissions%2FUCSD%2FSAMPLE%2FEDACC.12265	methylC-seq_STL001SG-01a	Bisulfite-Seq	RANDOM	GENOMIC
348	535	SAMN00855407	PRJNA34535	STL001	GSM983645	GSE16256	SRP000941	SRX175348	SRR641630	Normal	no	se	male	3	Caucasian and African American	colon_sigmoid	autopsy	"healthy, no prior medical history (NO diabetes, hypertension, coronary artery disease, cancer)"	100	208556370	20855637000	20.9G	20900000000	14.4Gb	14400000000	2013	NIH Epigenomics Roadmap Initiative	UCSD Human Reference Epigenome Mapping Project		NA	GPL9115	Illumina Genome Analyzer II	"Five µg of genomic DNA was extracted from frozen cell pellets using the DNeasy Mini Kit (Qiagen, Valencia, CA) and spiked with 25 ng unmethylated cl857 Sam7 Lambda DNA (Promega, Madison, WI). The DNA was fragmented with a Covaris S2 (Covaris, Woburn, MA) to 100-150 bp, followed by end repair and addition of a 3? A base. Cytosine-methylated adapters provided by Illumina (Illumina, San Diego, CA) were ligated to the sonicated DNA at 16?C for 16 hours with T4 DNA ligase (New England Biolabs). Adapter-ligated DNA was isolated by two rounds of purification with AMPure XP beads (Beckman Coulter Genomics, Danvers, MA). Adapter-ligated DNA (?450 ng) was subjected to sodium bisulfite conversion using the MethylCode kit (Life Technologies, Carlsbad, CA) as per manufacturer?s instructions. The bisulfite-converted, adapter-ligated DNA molecules were enriched by 4 cycles of PCR with the following reaction composition: 2.5 U of uracil-insensitive PfuTurboCx Hotstart DNA polymerase (Stratagene), 5 µl 10X PfuTurbo reaction buffer, 31 µM dNTPs, 1 µl Primer 1, 1 µl Primer 2 (50 µl final). The thermocycling parameters were: 95?C 2 min, 98?C 30 sec, then 4-8 cycles of 98?C 15 sec, 60?C 30 sec and 72?C 4 min, ending with one 72?C 10 min step. The reaction products were purified using AMPure XP beads (two rounds). Up to three separate PCR reactions were performed on subsets of the adapter-ligated, bisulfite-converted DNA, yielding up to two independent libraries from the same biological sample."	 99.5% of cytosines converted based on shotgun sequencing of unmethylated lambda phage control spiked into original genomic DNA sample	" A: 5' P-GATCGGAAGAGCTCGTATGCCGTCTTCTGCTTG, B: 5' ACACTCTTTCCCTACACGACGCTCTTCCGATCT"	"Illumina Bisulfite-Seq read mappings from Sigmoid Colon, Donor STL001 were processed into graphs of methylation proportions. Methylation proportions were calculated as (methylated calls / (methylated calls + unmethylated calls)) for all CpGs covered by at least 4 reads. Reads from the + and - strands were combined for methylation proportion calculations. If multiple reads map to the same start position on the + strand or stop position on the - strand, only a single read is retained."	https://genboree.org/java-bin/project.jsp?projectName=XML%20Submissions%2FUCSD%2FEXPERIMENT%2FEDACC.13681	http://genboree.org/java-bin/project.jsp?projectName=XML%20Submissions%2FUCSD%2FSAMPLE%2FEDACC.12265	methylC-seq_STL001SG-01a	Bisulfite-Seq	RANDOM	GENOMIC
348	535	SAMN00855407	PRJNA34535	STL001	GSM983645	GSE16256	SRP000941	SRX175348	SRR641631	Normal	no	se	male	3	Caucasian and African American	colon_sigmoid	autopsy	"healthy, no prior medical history (NO diabetes, hypertension, coronary artery disease, cancer)"	100	212508626	21250862600	21.3G	21300000000	14.6Gb	14600000000	2013	NIH Epigenomics Roadmap Initiative	UCSD Human Reference Epigenome Mapping Project		NA	GPL9115	Illumina Genome Analyzer II	"Five µg of genomic DNA was extracted from frozen cell pellets using the DNeasy Mini Kit (Qiagen, Valencia, CA) and spiked with 25 ng unmethylated cl857 Sam7 Lambda DNA (Promega, Madison, WI). The DNA was fragmented with a Covaris S2 (Covaris, Woburn, MA) to 100-150 bp, followed by end repair and addition of a 3? A base. Cytosine-methylated adapters provided by Illumina (Illumina, San Diego, CA) were ligated to the sonicated DNA at 16?C for 16 hours with T4 DNA ligase (New England Biolabs). Adapter-ligated DNA was isolated by two rounds of purification with AMPure XP beads (Beckman Coulter Genomics, Danvers, MA). Adapter-ligated DNA (?450 ng) was subjected to sodium bisulfite conversion using the MethylCode kit (Life Technologies, Carlsbad, CA) as per manufacturer?s instructions. The bisulfite-converted, adapter-ligated DNA molecules were enriched by 4 cycles of PCR with the following reaction composition: 2.5 U of uracil-insensitive PfuTurboCx Hotstart DNA polymerase (Stratagene), 5 µl 10X PfuTurbo reaction buffer, 31 µM dNTPs, 1 µl Primer 1, 1 µl Primer 2 (50 µl final). The thermocycling parameters were: 95?C 2 min, 98?C 30 sec, then 4-8 cycles of 98?C 15 sec, 60?C 30 sec and 72?C 4 min, ending with one 72?C 10 min step. The reaction products were purified using AMPure XP beads (two rounds). Up to three separate PCR reactions were performed on subsets of the adapter-ligated, bisulfite-converted DNA, yielding up to two independent libraries from the same biological sample."	 99.5% of cytosines converted based on shotgun sequencing of unmethylated lambda phage control spiked into original genomic DNA sample	" A: 5' P-GATCGGAAGAGCTCGTATGCCGTCTTCTGCTTG, B: 5' ACACTCTTTCCCTACACGACGCTCTTCCGATCT"	"Illumina Bisulfite-Seq read mappings from Sigmoid Colon, Donor STL001 were processed into graphs of methylation proportions. Methylation proportions were calculated as (methylated calls / (methylated calls + unmethylated calls)) for all CpGs covered by at least 4 reads. Reads from the + and - strands were combined for methylation proportion calculations. If multiple reads map to the same start position on the + strand or stop position on the - strand, only a single read is retained."	https://genboree.org/java-bin/project.jsp?projectName=XML%20Submissions%2FUCSD%2FEXPERIMENT%2FEDACC.13681	http://genboree.org/java-bin/project.jsp?projectName=XML%20Submissions%2FUCSD%2FSAMPLE%2FEDACC.12265	methylC-seq_STL001SG-01a	Bisulfite-Seq	RANDOM	GENOMIC
348	535	SAMN00855407	PRJNA34535	STL001	GSM983645	GSE16256	SRP000941	SRX175348	SRR641632	Normal	no	se	male	3	Caucasian and African American	colon_sigmoid	autopsy	"healthy, no prior medical history (NO diabetes, hypertension, coronary artery disease, cancer)"	100	215667785	21566778500	21.6G	21600000000	14.9Gb	14900000000	2013	NIH Epigenomics Roadmap Initiative	UCSD Human Reference Epigenome Mapping Project		NA	GPL9115	Illumina Genome Analyzer II	"Five µg of genomic DNA was extracted from frozen cell pellets using the DNeasy Mini Kit (Qiagen, Valencia, CA) and spiked with 25 ng unmethylated cl857 Sam7 Lambda DNA (Promega, Madison, WI). The DNA was fragmented with a Covaris S2 (Covaris, Woburn, MA) to 100-150 bp, followed by end repair and addition of a 3? A base. Cytosine-methylated adapters provided by Illumina (Illumina, San Diego, CA) were ligated to the sonicated DNA at 16?C for 16 hours with T4 DNA ligase (New England Biolabs). Adapter-ligated DNA was isolated by two rounds of purification with AMPure XP beads (Beckman Coulter Genomics, Danvers, MA). Adapter-ligated DNA (?450 ng) was subjected to sodium bisulfite conversion using the MethylCode kit (Life Technologies, Carlsbad, CA) as per manufacturer?s instructions. The bisulfite-converted, adapter-ligated DNA molecules were enriched by 4 cycles of PCR with the following reaction composition: 2.5 U of uracil-insensitive PfuTurboCx Hotstart DNA polymerase (Stratagene), 5 µl 10X PfuTurbo reaction buffer, 31 µM dNTPs, 1 µl Primer 1, 1 µl Primer 2 (50 µl final). The thermocycling parameters were: 95?C 2 min, 98?C 30 sec, then 4-8 cycles of 98?C 15 sec, 60?C 30 sec and 72?C 4 min, ending with one 72?C 10 min step. The reaction products were purified using AMPure XP beads (two rounds). Up to three separate PCR reactions were performed on subsets of the adapter-ligated, bisulfite-converted DNA, yielding up to two independent libraries from the same biological sample."	 99.5% of cytosines converted based on shotgun sequencing of unmethylated lambda phage control spiked into original genomic DNA sample	" A: 5' P-GATCGGAAGAGCTCGTATGCCGTCTTCTGCTTG, B: 5' ACACTCTTTCCCTACACGACGCTCTTCCGATCT"	"Illumina Bisulfite-Seq read mappings from Sigmoid Colon, Donor STL001 were processed into graphs of methylation proportions. Methylation proportions were calculated as (methylated calls / (methylated calls + unmethylated calls)) for all CpGs covered by at least 4 reads. Reads from the + and - strands were combined for methylation proportion calculations. If multiple reads map to the same start position on the + strand or stop position on the - strand, only a single read is retained."	https://genboree.org/java-bin/project.jsp?projectName=XML%20Submissions%2FUCSD%2FEXPERIMENT%2FEDACC.13681	http://genboree.org/java-bin/project.jsp?projectName=XML%20Submissions%2FUCSD%2FSAMPLE%2FEDACC.12265	methylC-seq_STL001SG-01a	Bisulfite-Seq	RANDOM	GENOMIC
348	535	SAMN00855407	PRJNA34535	STL001	GSM983645	GSE16256	SRP000941	SRX175348	SRR641633	Normal	no	se	male	3	Caucasian and African American	colon_sigmoid	autopsy	"healthy, no prior medical history (NO diabetes, hypertension, coronary artery disease, cancer)"	100	175519976	17551997600	17.6G	17600000000	12.5Gb	12500000000	2013	NIH Epigenomics Roadmap Initiative	UCSD Human Reference Epigenome Mapping Project		NA	GPL9115	Illumina Genome Analyzer II	"Five µg of genomic DNA was extracted from frozen cell pellets using the DNeasy Mini Kit (Qiagen, Valencia, CA) and spiked with 25 ng unmethylated cl857 Sam7 Lambda DNA (Promega, Madison, WI). The DNA was fragmented with a Covaris S2 (Covaris, Woburn, MA) to 100-150 bp, followed by end repair and addition of a 3? A base. Cytosine-methylated adapters provided by Illumina (Illumina, San Diego, CA) were ligated to the sonicated DNA at 16?C for 16 hours with T4 DNA ligase (New England Biolabs). Adapter-ligated DNA was isolated by two rounds of purification with AMPure XP beads (Beckman Coulter Genomics, Danvers, MA). Adapter-ligated DNA (?450 ng) was subjected to sodium bisulfite conversion using the MethylCode kit (Life Technologies, Carlsbad, CA) as per manufacturer?s instructions. The bisulfite-converted, adapter-ligated DNA molecules were enriched by 4 cycles of PCR with the following reaction composition: 2.5 U of uracil-insensitive PfuTurboCx Hotstart DNA polymerase (Stratagene), 5 µl 10X PfuTurbo reaction buffer, 31 µM dNTPs, 1 µl Primer 1, 1 µl Primer 2 (50 µl final). The thermocycling parameters were: 95?C 2 min, 98?C 30 sec, then 4-8 cycles of 98?C 15 sec, 60?C 30 sec and 72?C 4 min, ending with one 72?C 10 min step. The reaction products were purified using AMPure XP beads (two rounds). Up to three separate PCR reactions were performed on subsets of the adapter-ligated, bisulfite-converted DNA, yielding up to two independent libraries from the same biological sample."	 99.5% of cytosines converted based on shotgun sequencing of unmethylated lambda phage control spiked into original genomic DNA sample	" A: 5' P-GATCGGAAGAGCTCGTATGCCGTCTTCTGCTTG, B: 5' ACACTCTTTCCCTACACGACGCTCTTCCGATCT"	"Illumina Bisulfite-Seq read mappings from Sigmoid Colon, Donor STL001 were processed into graphs of methylation proportions. Methylation proportions were calculated as (methylated calls / (methylated calls + unmethylated calls)) for all CpGs covered by at least 4 reads. Reads from the + and - strands were combined for methylation proportion calculations. If multiple reads map to the same start position on the + strand or stop position on the - strand, only a single read is retained."	https://genboree.org/java-bin/project.jsp?projectName=XML%20Submissions%2FUCSD%2FEXPERIMENT%2FEDACC.13681	http://genboree.org/java-bin/project.jsp?projectName=XML%20Submissions%2FUCSD%2FSAMPLE%2FEDACC.12265	methylC-seq_STL001SG-01a	Bisulfite-Seq	RANDOM	GENOMIC
348	535	SAMN00855407	PRJNA34535	STL001	GSM983645	GSE16256	SRP000941	SRX175348	SRR641634	Normal	no	se	male	3	Caucasian and African American	colon_sigmoid	autopsy	"healthy, no prior medical history (NO diabetes, hypertension, coronary artery disease, cancer)"	100	201476990	20147699000	20.1G	20100000000	9.6Gb	9600000000	2013	NIH Epigenomics Roadmap Initiative	UCSD Human Reference Epigenome Mapping Project		NA	GPL9115	Illumina Genome Analyzer II	"Five µg of genomic DNA was extracted from frozen cell pellets using the DNeasy Mini Kit (Qiagen, Valencia, CA) and spiked with 25 ng unmethylated cl857 Sam7 Lambda DNA (Promega, Madison, WI). The DNA was fragmented with a Covaris S2 (Covaris, Woburn, MA) to 100-150 bp, followed by end repair and addition of a 3? A base. Cytosine-methylated adapters provided by Illumina (Illumina, San Diego, CA) were ligated to the sonicated DNA at 16?C for 16 hours with T4 DNA ligase (New England Biolabs). Adapter-ligated DNA was isolated by two rounds of purification with AMPure XP beads (Beckman Coulter Genomics, Danvers, MA). Adapter-ligated DNA (?450 ng) was subjected to sodium bisulfite conversion using the MethylCode kit (Life Technologies, Carlsbad, CA) as per manufacturer?s instructions. The bisulfite-converted, adapter-ligated DNA molecules were enriched by 4 cycles of PCR with the following reaction composition: 2.5 U of uracil-insensitive PfuTurboCx Hotstart DNA polymerase (Stratagene), 5 µl 10X PfuTurbo reaction buffer, 31 µM dNTPs, 1 µl Primer 1, 1 µl Primer 2 (50 µl final). The thermocycling parameters were: 95?C 2 min, 98?C 30 sec, then 4-8 cycles of 98?C 15 sec, 60?C 30 sec and 72?C 4 min, ending with one 72?C 10 min step. The reaction products were purified using AMPure XP beads (two rounds). Up to three separate PCR reactions were performed on subsets of the adapter-ligated, bisulfite-converted DNA, yielding up to two independent libraries from the same biological sample."	 99.5% of cytosines converted based on shotgun sequencing of unmethylated lambda phage control spiked into original genomic DNA sample	" A: 5' P-GATCGGAAGAGCTCGTATGCCGTCTTCTGCTTG, B: 5' ACACTCTTTCCCTACACGACGCTCTTCCGATCT"	"Illumina Bisulfite-Seq read mappings from Sigmoid Colon, Donor STL001 were processed into graphs of methylation proportions. Methylation proportions were calculated as (methylated calls / (methylated calls + unmethylated calls)) for all CpGs covered by at least 4 reads. Reads from the + and - strands were combined for methylation proportion calculations. If multiple reads map to the same start position on the + strand or stop position on the - strand, only a single read is retained."	https://genboree.org/java-bin/project.jsp?projectName=XML%20Submissions%2FUCSD%2FEXPERIMENT%2FEDACC.13681	http://genboree.org/java-bin/project.jsp?projectName=XML%20Submissions%2FUCSD%2FSAMPLE%2FEDACC.12265	methylC-seq_STL001SG-01a	Bisulfite-Seq	RANDOM	GENOMIC
348	535	SAMN00855407	PRJNA34535	STL001	GSM983645	GSE16256	SRP000941	SRX175348	SRR641635	Normal	no	se	male	3	Caucasian and African American	colon_sigmoid	autopsy	"healthy, no prior medical history (NO diabetes, hypertension, coronary artery disease, cancer)"	100	201919471	20191947100	20.2G	20200000000	9.6Gb	9600000000	2013	NIH Epigenomics Roadmap Initiative	UCSD Human Reference Epigenome Mapping Project		NA	GPL9115	Illumina Genome Analyzer II	"Five µg of genomic DNA was extracted from frozen cell pellets using the DNeasy Mini Kit (Qiagen, Valencia, CA) and spiked with 25 ng unmethylated cl857 Sam7 Lambda DNA (Promega, Madison, WI). The DNA was fragmented with a Covaris S2 (Covaris, Woburn, MA) to 100-150 bp, followed by end repair and addition of a 3? A base. Cytosine-methylated adapters provided by Illumina (Illumina, San Diego, CA) were ligated to the sonicated DNA at 16?C for 16 hours with T4 DNA ligase (New England Biolabs). Adapter-ligated DNA was isolated by two rounds of purification with AMPure XP beads (Beckman Coulter Genomics, Danvers, MA). Adapter-ligated DNA (?450 ng) was subjected to sodium bisulfite conversion using the MethylCode kit (Life Technologies, Carlsbad, CA) as per manufacturer?s instructions. The bisulfite-converted, adapter-ligated DNA molecules were enriched by 4 cycles of PCR with the following reaction composition: 2.5 U of uracil-insensitive PfuTurboCx Hotstart DNA polymerase (Stratagene), 5 µl 10X PfuTurbo reaction buffer, 31 µM dNTPs, 1 µl Primer 1, 1 µl Primer 2 (50 µl final). The thermocycling parameters were: 95?C 2 min, 98?C 30 sec, then 4-8 cycles of 98?C 15 sec, 60?C 30 sec and 72?C 4 min, ending with one 72?C 10 min step. The reaction products were purified using AMPure XP beads (two rounds). Up to three separate PCR reactions were performed on subsets of the adapter-ligated, bisulfite-converted DNA, yielding up to two independent libraries from the same biological sample."	 99.5% of cytosines converted based on shotgun sequencing of unmethylated lambda phage control spiked into original genomic DNA sample	" A: 5' P-GATCGGAAGAGCTCGTATGCCGTCTTCTGCTTG, B: 5' ACACTCTTTCCCTACACGACGCTCTTCCGATCT"	"Illumina Bisulfite-Seq read mappings from Sigmoid Colon, Donor STL001 were processed into graphs of methylation proportions. Methylation proportions were calculated as (methylated calls / (methylated calls + unmethylated calls)) for all CpGs covered by at least 4 reads. Reads from the + and - strands were combined for methylation proportion calculations. If multiple reads map to the same start position on the + strand or stop position on the - strand, only a single read is retained."	https://genboree.org/java-bin/project.jsp?projectName=XML%20Submissions%2FUCSD%2FEXPERIMENT%2FEDACC.13681	http://genboree.org/java-bin/project.jsp?projectName=XML%20Submissions%2FUCSD%2FSAMPLE%2FEDACC.12265	methylC-seq_STL001SG-01a	Bisulfite-Seq	RANDOM	GENOMIC
348	535	SAMN00855407	PRJNA34535	STL001	GSM983645	GSE16256	SRP000941	SRX175348	SRR641636	Normal	no	se	male	3	Caucasian and African American	colon_sigmoid	autopsy	"healthy, no prior medical history (NO diabetes, hypertension, coronary artery disease, cancer)"	100	199535460	19953546000	20G	20000000000	9.5Gb	9500000000	2013	NIH Epigenomics Roadmap Initiative	UCSD Human Reference Epigenome Mapping Project		NA	GPL9115	Illumina Genome Analyzer II	"Five µg of genomic DNA was extracted from frozen cell pellets using the DNeasy Mini Kit (Qiagen, Valencia, CA) and spiked with 25 ng unmethylated cl857 Sam7 Lambda DNA (Promega, Madison, WI). The DNA was fragmented with a Covaris S2 (Covaris, Woburn, MA) to 100-150 bp, followed by end repair and addition of a 3? A base. Cytosine-methylated adapters provided by Illumina (Illumina, San Diego, CA) were ligated to the sonicated DNA at 16?C for 16 hours with T4 DNA ligase (New England Biolabs). Adapter-ligated DNA was isolated by two rounds of purification with AMPure XP beads (Beckman Coulter Genomics, Danvers, MA). Adapter-ligated DNA (?450 ng) was subjected to sodium bisulfite conversion using the MethylCode kit (Life Technologies, Carlsbad, CA) as per manufacturer?s instructions. The bisulfite-converted, adapter-ligated DNA molecules were enriched by 4 cycles of PCR with the following reaction composition: 2.5 U of uracil-insensitive PfuTurboCx Hotstart DNA polymerase (Stratagene), 5 µl 10X PfuTurbo reaction buffer, 31 µM dNTPs, 1 µl Primer 1, 1 µl Primer 2 (50 µl final). The thermocycling parameters were: 95?C 2 min, 98?C 30 sec, then 4-8 cycles of 98?C 15 sec, 60?C 30 sec and 72?C 4 min, ending with one 72?C 10 min step. The reaction products were purified using AMPure XP beads (two rounds). Up to three separate PCR reactions were performed on subsets of the adapter-ligated, bisulfite-converted DNA, yielding up to two independent libraries from the same biological sample."	 99.5% of cytosines converted based on shotgun sequencing of unmethylated lambda phage control spiked into original genomic DNA sample	" A: 5' P-GATCGGAAGAGCTCGTATGCCGTCTTCTGCTTG, B: 5' ACACTCTTTCCCTACACGACGCTCTTCCGATCT"	"Illumina Bisulfite-Seq read mappings from Sigmoid Colon, Donor STL001 were processed into graphs of methylation proportions. Methylation proportions were calculated as (methylated calls / (methylated calls + unmethylated calls)) for all CpGs covered by at least 4 reads. Reads from the + and - strands were combined for methylation proportion calculations. If multiple reads map to the same start position on the + strand or stop position on the - strand, only a single read is retained."	https://genboree.org/java-bin/project.jsp?projectName=XML%20Submissions%2FUCSD%2FEXPERIMENT%2FEDACC.13681	http://genboree.org/java-bin/project.jsp?projectName=XML%20Submissions%2FUCSD%2FSAMPLE%2FEDACC.12265	methylC-seq_STL001SG-01a	Bisulfite-Seq	RANDOM	GENOMIC
348	535	SAMN00855407	PRJNA34535	STL001	GSM983645	GSE16256	SRP000941	SRX175348	SRR641637	Normal	no	se	male	3	Caucasian and African American	colon_sigmoid	autopsy	"healthy, no prior medical history (NO diabetes, hypertension, coronary artery disease, cancer)"	100	200290632	20029063200	20G	20000000000	9.6Gb	9600000000	2013	NIH Epigenomics Roadmap Initiative	UCSD Human Reference Epigenome Mapping Project		NA	GPL9115	Illumina Genome Analyzer II	"Five µg of genomic DNA was extracted from frozen cell pellets using the DNeasy Mini Kit (Qiagen, Valencia, CA) and spiked with 25 ng unmethylated cl857 Sam7 Lambda DNA (Promega, Madison, WI). The DNA was fragmented with a Covaris S2 (Covaris, Woburn, MA) to 100-150 bp, followed by end repair and addition of a 3? A base. Cytosine-methylated adapters provided by Illumina (Illumina, San Diego, CA) were ligated to the sonicated DNA at 16?C for 16 hours with T4 DNA ligase (New England Biolabs). Adapter-ligated DNA was isolated by two rounds of purification with AMPure XP beads (Beckman Coulter Genomics, Danvers, MA). Adapter-ligated DNA (?450 ng) was subjected to sodium bisulfite conversion using the MethylCode kit (Life Technologies, Carlsbad, CA) as per manufacturer?s instructions. The bisulfite-converted, adapter-ligated DNA molecules were enriched by 4 cycles of PCR with the following reaction composition: 2.5 U of uracil-insensitive PfuTurboCx Hotstart DNA polymerase (Stratagene), 5 µl 10X PfuTurbo reaction buffer, 31 µM dNTPs, 1 µl Primer 1, 1 µl Primer 2 (50 µl final). The thermocycling parameters were: 95?C 2 min, 98?C 30 sec, then 4-8 cycles of 98?C 15 sec, 60?C 30 sec and 72?C 4 min, ending with one 72?C 10 min step. The reaction products were purified using AMPure XP beads (two rounds). Up to three separate PCR reactions were performed on subsets of the adapter-ligated, bisulfite-converted DNA, yielding up to two independent libraries from the same biological sample."	 99.5% of cytosines converted based on shotgun sequencing of unmethylated lambda phage control spiked into original genomic DNA sample	" A: 5' P-GATCGGAAGAGCTCGTATGCCGTCTTCTGCTTG, B: 5' ACACTCTTTCCCTACACGACGCTCTTCCGATCT"	"Illumina Bisulfite-Seq read mappings from Sigmoid Colon, Donor STL001 were processed into graphs of methylation proportions. Methylation proportions were calculated as (methylated calls / (methylated calls + unmethylated calls)) for all CpGs covered by at least 4 reads. Reads from the + and - strands were combined for methylation proportion calculations. If multiple reads map to the same start position on the + strand or stop position on the - strand, only a single read is retained."	https://genboree.org/java-bin/project.jsp?projectName=XML%20Submissions%2FUCSD%2FEXPERIMENT%2FEDACC.13681	http://genboree.org/java-bin/project.jsp?projectName=XML%20Submissions%2FUCSD%2FSAMPLE%2FEDACC.12265	methylC-seq_STL001SG-01a	Bisulfite-Seq	RANDOM	GENOMIC
348	535	SAMN00855407	PRJNA34535	STL001	GSM983645	GSE16256	SRP000941	SRX175348	SRR641638	Normal	no	se	male	3	Caucasian and African American	colon_sigmoid	autopsy	"healthy, no prior medical history (NO diabetes, hypertension, coronary artery disease, cancer)"	100	202346807	20234680700	20.2G	20200000000	9.7Gb	9700000000	2013	NIH Epigenomics Roadmap Initiative	UCSD Human Reference Epigenome Mapping Project		NA	GPL9115	Illumina Genome Analyzer II	"Five µg of genomic DNA was extracted from frozen cell pellets using the DNeasy Mini Kit (Qiagen, Valencia, CA) and spiked with 25 ng unmethylated cl857 Sam7 Lambda DNA (Promega, Madison, WI). The DNA was fragmented with a Covaris S2 (Covaris, Woburn, MA) to 100-150 bp, followed by end repair and addition of a 3? A base. Cytosine-methylated adapters provided by Illumina (Illumina, San Diego, CA) were ligated to the sonicated DNA at 16?C for 16 hours with T4 DNA ligase (New England Biolabs). Adapter-ligated DNA was isolated by two rounds of purification with AMPure XP beads (Beckman Coulter Genomics, Danvers, MA). Adapter-ligated DNA (?450 ng) was subjected to sodium bisulfite conversion using the MethylCode kit (Life Technologies, Carlsbad, CA) as per manufacturer?s instructions. The bisulfite-converted, adapter-ligated DNA molecules were enriched by 4 cycles of PCR with the following reaction composition: 2.5 U of uracil-insensitive PfuTurboCx Hotstart DNA polymerase (Stratagene), 5 µl 10X PfuTurbo reaction buffer, 31 µM dNTPs, 1 µl Primer 1, 1 µl Primer 2 (50 µl final). The thermocycling parameters were: 95?C 2 min, 98?C 30 sec, then 4-8 cycles of 98?C 15 sec, 60?C 30 sec and 72?C 4 min, ending with one 72?C 10 min step. The reaction products were purified using AMPure XP beads (two rounds). Up to three separate PCR reactions were performed on subsets of the adapter-ligated, bisulfite-converted DNA, yielding up to two independent libraries from the same biological sample."	 99.5% of cytosines converted based on shotgun sequencing of unmethylated lambda phage control spiked into original genomic DNA sample	" A: 5' P-GATCGGAAGAGCTCGTATGCCGTCTTCTGCTTG, B: 5' ACACTCTTTCCCTACACGACGCTCTTCCGATCT"	"Illumina Bisulfite-Seq read mappings from Sigmoid Colon, Donor STL001 were processed into graphs of methylation proportions. Methylation proportions were calculated as (methylated calls / (methylated calls + unmethylated calls)) for all CpGs covered by at least 4 reads. Reads from the + and - strands were combined for methylation proportion calculations. If multiple reads map to the same start position on the + strand or stop position on the - strand, only a single read is retained."	https://genboree.org/java-bin/project.jsp?projectName=XML%20Submissions%2FUCSD%2FEXPERIMENT%2FEDACC.13681	http://genboree.org/java-bin/project.jsp?projectName=XML%20Submissions%2FUCSD%2FSAMPLE%2FEDACC.12265	methylC-seq_STL001SG-01a	Bisulfite-Seq	RANDOM	GENOMIC